sample	bin	completeness	contamination	GC	lineage	N50	size	binner
Zape1	bin.34	98.90	0.0	0.368	Bacteria	16448	2261679	binsC
Zape1	bin.78	98.30	1.309	0.532	Clostridia	12540	2020849	binsA
Zape1	bin.44	97.78	1.151	0.411	Epsilonproteobacteria	6560	1811046	binsA
Zape1	bin.13	97.65	2.348	0.548	Clostridiales	14848	2885935	binsC
Zape1	bin.12	97.36	2.220	0.462	Bacteroidales	31392	2719612	binsBC
Zape1	bin.2	96.62	0.0	0.544	Bacteria	10081	1516775	binsA
Zape1	bin.46	96.39	5.250	0.535	Bacteria	10613	1990467	binsBC
Zape1	bin.29	96.13	2.139	0.555	Clostridiales	6698	2195540	binsC
Zape1	bin.33	95.94	0.699	0.426	Spirochaetaceae	13211	2041053	binsBC
Zape1	bin.41	95.76	3.163	0.501	Selenomonadales	13499	1886103	binsBC
Zape1	bin.11	95.30	1.029	0.418	Clostridiales	12483	1619890	binsBC
Zape1	bin.45	95.21	1.342	0.588	Clostridiales	9070	2737327	binsAC
Zape1	bin.20	95.03	2.395	0.395	Bacilli	10447	3226861	binsBC
Zape1	bin.9	95.02	1.773	0.540	Clostridia	4448	1651203	binsC
Zape1	bin.26	94.59	1.942	0.449	Firmicutes	3471	1737716	binsC
Zape1	bin.18	94.12	2.684	0.546	Clostridiales	40818	2050658	binsC
Zape1	bin.59	93.93	1.342	0.496	Clostridiales	26726	2008003	binsC
Zape1	bin.10	93.46	0.377	0.482	Bacteroidales	11653	2501500	binsC
Zape1	bin.67	93.27	2.150	0.475	Bacteria	27137	2408309	binsA
Zape1	bin.72	92.76	2.676	0.423	Moraxellaceae	10013	2515020	binsAB
Zape1	bin.57	92.75	7.177	0.515	Lachnospiraceae	24160	2528883	binsBC
Zape1	bin.21	92.56	1.093	0.456	Bacteria	14664	2004873	binsC
Zape1	bin.43	92.15	2.969	0.568	Clostridiales	8046	2407966	binsC
Zape1	bin.60	92.05	1.323	0.365	Gammaproteobacteria	6656	1672663	binsAB
Zape1	bin.6	91.78	2.495	0.429	Lachnospiraceae	19624	2844607	binsABC
Zape1	bin.56	90.47	0.915	0.591	Clostridiales	6722	1839569	binsB
Zape1	bin.3	90.06	0.754	0.504	Bacteroidales	14857	2201308	binsC
Zape1	bin.80	89.52	5.412	0.520	Bacteroidetes	15438	3118294	binsB
Zape1	bin.73	89.52	4.407	0.609	Clostridiales	10668	2042683	binsAB
Zape1	bin.85	89.44	1.296	0.482	Bacteroidetes	29927	1582517	binsB
Zape1	bin.76	89.18	0.675	0.589	Bacteria	39975	2085479	binsAC
Zape1	bin.61	88.80	5.468	0.577	Proteobacteria	3327	1888560	binsC
Zape1	bin.74	88.64	0.0	0.389	Spirochaetaceae	9235	1970152	binsBC
Zape1	bin.58	88.58	2.871	0.395	Lactobacillales	4157	2464920	binsAC
Zape1	bin.83	88.50	3.243	0.432	Clostridiales	9379	1514135	binsAB
Zape1	bin.53	88.28	1.062	0.542	Clostridiales	7829	1833579	binsAC
Zape1	bin.15	88.27	0.244	0.462	Clostridiales	9970	2391066	binsC
Zape1	bin.1	87.39	3.662	0.625	Clostridiales	8869	1499931	binsAB
Zape1	bin.62	87.31	4.008	0.498	Clostridiales	11957	2266047	binsBC
Zape1	bin.24	87.06	2.294	0.509	Lachnospiraceae	42471	2536038	binsABC
Zape1	bin.22	87.02	1.398	0.426	Spirochaetaceae	8913	1836513	binsBC
Zape1	bin.64	86.81	1.352	0.456	Bacteroidales	12828	2384364	binsBC
Zape1	bin.75	86.64	0.223	0.494	Clostridiales	6269	1753340	binsAC
Zape1	bin.79	86.23	2.173	0.431	Lachnospiraceae	24154	2139829	binsAB
Zape1	bin.84	85.77	3.875	0.521	Bacteroidales	12522	2408217	binsA
Zape1	bin.28	85.64	1.587	0.492	Bacteroidetes	9995	1529111	binsAC
Zape1	bin.86	85.45	2.476	0.461	Lachnospiraceae	7514	2041770	binsC
Zape1	bin.7	85.20	1.075	0.554	Bacteria	7394	2010796	binsBC
Zape1	bin.81	84.30	0.559	0.391	Clostridiales	4846	1756395	binsC
Zape1	bin.70	82.79	0.671	0.454	Clostridiales	6231	1511333	binsB
Zape1	bin.40	82.45	3.355	0.604	Clostridiales	4457	1837617	binsC
Zape1	bin.92	81.99	1.677	0.378	Clostridiales	2277	1320322	binsC
Zape1	bin.27	80.85	0.867	0.464	Bacteroidales	5465	2037961	binsC
Zape1	bin.54	79.92	0.0	0.436	Bacteria	6594	2427430	binsC
Zape1	bin.42	78.90	1.677	0.540	Clostridiales	13805	1700218	binsABC
Zape1	bin.37	78.86	1.771	0.565	Prevotella	4382	2027512	binsC
Zape1	bin.5	78.61	1.226	0.349	Bacteria	4258	1164121	binsAC
Zape1	bin.25	78.10	9.866	0.599	Euryarchaeota	1830	1404893	binsAC
Zape1	bin.31	78.08	3.448	0.533	Bacteria	6683	1702315	binsC
Zape1	bin.68	77.71	0.561	0.371	Bacteria	7638	1499701	binsB
Zape1	bin.17	77.18	0.335	0.419	Clostridiales	2938	1564136	binsC
Zape1	bin.65	75.85	1.746	0.361	Bacteria	3473	1601993	binsC
Zape1	bin.30	75.19	2.027	0.626	Bacteria	4437	2033635	binsAC
Zape1	bin.36	73.68	0.699	0.549	Clostridiales	3878	1653231	binsC
Zape1	bin.8	70.75	3.792	0.436	Lachnospiraceae	5220	1667073	binsB
Zape1	bin.4	70.32	1.553	0.552	Rhodospirillales	3075	1479401	binsC
Zape1	bin.23	70.02	0.810	0.673	Bacteria	6095	2373063	binsAC
Zape1	bin.50	69.14	0.236	0.410	Bacteria	2214	1395603	binsAC
Zape1	bin.63	68.72	1.351	0.550	Bacteria	6114	3212833	binsABC
Zape1	bin.82	68.71	1.456	0.453	Moraxellaceae	2521	1904341	binsC
Zape1	bin.69	67.54	1.205	0.532	Clostridiales	3328	1113637	binsB
Zape1	bin.93	66.54	1.621	0.647	Deltaproteobacteria	2283	1815434	binsC
Zape1	bin.77	65.50	0.0	0.472	Bacteria	5010	1967659	binsC
Zape1	bin.35	65.45	0.955	0.445	Clostridiales	4739	1813720	binsC
Zape1	bin.16	64.61	1.006	0.592	Clostridiales	4162	1445815	binsBC
Zape1	bin.51	64.60	3.716	0.573	Bacteria	3236	2101514	binsB
Zape1	bin.14	60.04	3.779	0.420	Bacteria	7376	2506744	binsBC
Zape1	bin.90	59.80	0.0	0.546	Bacteria	2852	1586038	binsC
Zape1	bin.91	59.68	0.112	0.313	Bacteria	2539	859189	binsC
Zape1	bin.88	58.99	0.680	0.565	Clostridiales	2219	1611898	binsC
Zape1	bin.71	58.77	2.631	0.396	Bacteria	8240	4624382	binsBC
Zape1	bin.48	58.26	3.448	0.580	Bacteria	4023	1544482	binsB
Zape1	bin.39	58.00	1.495	0.447	Bacteria	2003	851172	binsC
Zape1	bin.49	57.91	1.724	0.557	Bacteria	3478	1922166	binsAC
Zape1	bin.89	57.65	5.978	0.527	Clostridiales	1731	1611845	binsC
Zape1	bin.66	56.72	3.508	0.493	Bacteria	2123	1566369	binsA
Zape1	bin.55	56.56	0.0	0.383	Clostridiales	7362	932576	binsB
Zape1	bin.38	55.48	1.724	0.380	Bacteria	5010	2081765	binsBC
Zape1	bin.32	54.60	3.029	0.450	Prevotella	7434	1991629	binsA
Zape1	bin.94	54.54	5.172	0.568	Bacteria	2209	1711750	binsC
Zape1	bin.87	51.25	0.313	0.440	Bacteria	2566	2163745	binsC
Zape1	bin.47	50.31	1.380	0.599	Bacteria	5680	1218027	binsAB
Zape2	bin.29	98.18	1.601	0.510	Enterobacteriaceae	26502	4533244	binsB
Zape2	bin.25	97.31	0.061	0.427	Clostridiales	33143	1849011	binsAC
Zape2	bin.4	97.21	1.546	0.515	Clostridiales	44837	2095956	binsA
Zape2	bin.3	95.71	0.714	0.438	Bacteroidales	12977	2958628	binsC
Zape2	bin.13	95.12	1.332	0.487	Bacteroidales	20206	3277604	binsC
Zape2	bin.1	94.66	2.013	0.379	Clostridiales	20262	2286302	binsAC
Zape2	bin.28	90.80	3.851	0.661	Micrococcaceae	11795	3087094	binsBC
Zape2	bin.36	90.58	3.921	0.552	Clostridiales	20930	2130006	binsAC
Zape2	bin.26	89.33	4.690	0.670	Micrococcaceae	10132	3101665	binsAB
Zape2	bin.19	88.32	7.314	0.597	Bacteria	2765	2830132	binsC
Zape2	bin.32	87.97	0.915	0.583	Clostridiales	5850	2706172	binsC
Zape2	bin.14	86.77	6.386	0.344	Bacilli	14903	2317498	binsAC
Zape2	bin.20	85.98	1.050	0.486	Bacteroidales	13898	2236177	binsBC
Zape2	bin.23	84.33	3.256	0.372	Bacilli	4335	2930564	binsB
Zape2	bin.12	81.19	1.678	0.418	Spirochaetaceae	3943	2073965	binsC
Zape2	bin.33	80.65	3.131	0.518	Clostridiales	4403	1891529	binsC
Zape2	bin.34	75.58	2.013	0.416	Clostridiales	2546	1500702	binsC
Zape2	bin.8	75.51	1.314	0.344	Bacteria	5023	1453352	binsAB
Zape2	bin.24	75.51	0.0	0.433	Bacteria	10781	2943704	binsAB
Zape2	bin.10	73.92	2.315	0.459	Clostridiales	2653	1408155	binsC
Zape2	bin.27	70.14	4.310	0.372	Bacteria	8165	3047890	binsB
Zape2	bin.9	67.18	1.973	0.726	Actinomycetales	2403	2402663	binsAC
Zape2	bin.30	66.66	1.754	0.413	Bacteria	10156	2456022	binsC
Zape2	bin.22	64.27	1.165	0.388	Lactobacillales	10015	1393674	binsAB
Zape2	bin.15	63.45	0.0	0.435	Bacteria	5382	1863207	binsABC
Zape2	bin.16	60.81	6.147	0.555	Halobacteriaceae	1771	3843026	binsC
Zape2	bin.6	60.65	0.313	0.451	Bacteria	7363	2385975	binsA
Zape2	bin.38	60.03	3.817	0.422	Clostridiales	2287	2008848	binsC
Zape2	bin.31	58.26	2.586	0.633	Bacteria	4462	1383183	binsBC
Zape2	bin.35	57.21	0.0	0.375	Bacteria	7855	2346983	binsAB
Zape2	bin.18	54.57	0.0	0.474	Bacteria	1784	2685525	binsAC
Zape2	bin.17	53.44	0.0	0.573	Bacteria	7453	1442649	binsABC
Zape2	bin.5	53.27	0.0	0.402	Bacteria	7113	1761172	binsBC
Zape2	bin.21	50.84	4.310	0.674	Bacteria	3325	3643168	binsABC
Zape2	bin.37	50.0	0.626	0.538	Bacteria	2087	1346271	binsC
Zape3	bin.21	99.19	0.0	0.530	Clostridia	64044	2220536	binsA
Zape3	bin.7	98.87	0.178	0.431	Lactobacillales	60398	1873993	binsA
Zape3	bin.16	97.90	1.671	0.499	Clostridiales	45746	1754597	binsC
Zape3	bin.2	96.88	2.516	0.415	Clostridiales	77481	2647840	binsABC
Zape3	bin.6	96.64	8.805	0.501	Lachnospiraceae	64556	3007000	binsBC
Zape3	bin.12	96.05	2.819	0.567	Clostridia	13672	3087816	binsC
Zape3	bin.38	95.76	2.242	0.542	Clostridiales	16480	3813219	binsC
Zape3	bin.44	95.06	1.621	0.554	Clostridiales	21849	2736285	binsC
Zape3	bin.10	94.67	3.523	0.408	Clostridiales	28327	2677682	binsB
Zape3	bin.40	94.49	1.369	0.511	Enterobacteriaceae	9262	4247904	binsB
Zape3	bin.28	91.59	0.335	0.489	Clostridiales	9100	2181942	binsAC
Zape3	bin.14	91.57	3.370	0.273	Bacteria	18876	1165496	binsABC
Zape3	bin.8	91.16	3.985	0.451	Lachnospiraceae	35550	2411388	binsBC
Zape3	bin.19	89.93	2.894	0.558	Clostridiales	60965	1819625	binsC
Zape3	bin.39	89.35	1.342	0.407	Clostridiales	3741	2269902	binsC
Zape3	bin.29	88.28	2.382	0.450	Lactobacillales	4662	1882581	binsABC
Zape3	bin.1	86.05	3.381	0.470	Lachnospiraceae	36461	2097472	binsABC
Zape3	bin.42	85.69	6.286	0.611	Clostridiales	11834	1785958	binsBC
Zape3	bin.37	84.80	0.793	0.382	Bacteria	19816	1808718	binsABC
Zape3	bin.13	84.23	2.013	0.603	Clostridiales	8592	1716028	binsC
Zape3	bin.33	82.96	3.344	0.484	Selenomonadales	2463	1741689	binsC
Zape3	bin.20	82.00	5.844	0.607	Clostridiales	7240	1796661	binsB
Zape3	bin.31	81.14	4.260	0.523	Clostridiales	4360	1682109	binsBC
Zape3	bin.41	80.76	0.832	0.551	Clostridia	3815	1713109	binsC
Zape3	bin.17	80.31	0.0	0.417	Bacteria	13476	3157473	binsBC
Zape3	bin.45	80.28	0.754	0.505	Bacteroidales	5594	1995456	binsC
Zape3	bin.27	78.0	1.333	0.269	Bacteria	4163	876492	binsB
Zape3	bin.23	77.26	1.660	0.563	Prevotella	4204	2013226	binsC
Zape3	bin.15	74.07	3.505	0.341	Bacteria	2539	1506749	binsC
Zape3	bin.35	73.28	0.793	0.615	Clostridiales	35613	1539677	binsA
Zape3	bin.5	70.37	1.867	0.442	Lachnospiraceae	13199	2022623	binsAB
Zape3	bin.4	69.47	0.877	0.476	Bacteria	16085	2189695	binsABC
Zape3	bin.49	69.28	1.426	0.413	Clostridiales	2099	1332117	binsC
Zape3	bin.22	67.14	3.243	0.597	Clostridiales	7390	1935681	binsBC
Zape3	bin.26	67.02	1.364	0.437	Clostridiales	3492	1790064	binsB
Zape3	bin.34	66.67	0.132	0.288	Clostridiales	2704	1666293	binsB
Zape3	bin.30	66.66	5.763	0.606	Micrococcaceae	2570	3201389	binsC
Zape3	bin.32	61.82	2.179	0.451	Firmicutes	2043	1266561	binsC
Zape3	bin.36	60.92	1.243	0.528	Rhodospirillales	2195	1299413	binsAC
Zape3	bin.50	60.63	8.399	0.415	Bacteria	2043	1244915	binsC
Zape3	bin.18	58.69	0.0	0.494	Clostridiales	3773	1380186	binsBC
Zape3	bin.25	57.13	2.544	0.626	Clostridiales	6082	1313454	binsB
Zape3	bin.11	56.89	5.172	0.577	Bacteria	4413	1548112	binsBC
Zape3	bin.3	55.27	1.342	0.542	Clostridiales	3222	1406339	binsABC
Zape3	bin.47	54.21	0.862	0.519	Bacteria	3215	1839558	binsC
Zape3	bin.48	54.19	1.754	0.597	Bacteria	3027	1942811	binsC
Zape3	bin.43	52.24	4.069	0.469	Prevotella	3891	1866181	binsA
Zape3	bin.9	52.10	1.754	0.516	Bacteria	2740	1289046	binsAC
Zape3	bin.24	52.10	0.0	0.438	Bacteria	6632	2043576	binsB
Zape3	bin.46	51.01	2.586	0.597	Bacteria	2783	1570396	binsC
AW107	bin.34	100.0	1.648	0.514	Bacteria	30180	2783689	binsC
AW107	bin.1	98.67	1.235	0.544	Clostridiales	29734	2201673	binsC
AW107	bin.26	97.17	0.465	0.473	Euryarchaeota	10101	1691773	binsAC
AW107	bin.29	96.44	1.369	0.635	Deltaproteobacteria	8351	2863079	binsC
AW107	bin.47	94.69	1.903	0.464	Bacteroidales	10911	2365908	binsBC
AW107	bin.52	94.33	1.594	0.450	Firmicutes	5688	1769669	binsA
AW107	bin.35	94.25	1.136	0.487	Bacteria	44523	2065670	binsA
AW107	bin.44	93.93	1.342	0.495	Clostridiales	34815	1924240	binsBC
AW107	bin.62	93.25	3.004	0.564	Prevotella	16360	2556350	binsBC
AW107	bin.43	92.54	1.766	0.378	Lactobacillales	4087	2234221	binsC
AW107	bin.42	92.33	0.130	0.461	Clostridia	18491	1718827	binsC
AW107	bin.13	91.57	1.113	0.486	Bacteroidales	6949	2492043	binsC
AW107	bin.4	91.55	0.675	0.535	Bacteria	9948	2046041	binsAC
AW107	bin.16	89.97	0.559	0.449	Clostridiales	4518	1648543	binsAC
AW107	bin.59	89.53	3.020	0.488	Clostridiales	6333	2098698	binsBC
AW107	bin.20	88.82	1.866	0.563	Clostridiales	5288	2287225	binsC
AW107	bin.41	88.51	0.675	0.588	Bacteria	39988	2331448	binsC
AW107	bin.32	87.55	0.929	0.463	Bacteroidales	7301	2361461	binsC
AW107	bin.25	87.37	0.679	0.456	Bacteroidales	6325	2243397	binsBC
AW107	bin.37	86.93	2.141	0.513	Lachnospiraceae	14065	2937221	binsAB
AW107	bin.38	86.78	3.599	0.464	Lachnospiraceae	13896	2361159	binsAB
AW107	bin.18	86.24	5.042	0.610	Clostridia	6823	2719217	binsB
AW107	bin.51	84.42	1.972	0.450	Lachnospiraceae	11541	2397347	binsAB
AW107	bin.58	82.80	3.501	0.462	Lachnospiraceae	4448	1965457	binsC
AW107	bin.31	82.76	1.498	0.533	Clostridiales	8408	1553983	binsBC
AW107	bin.19	80.52	0.320	0.538	Firmicutes	3893	1539515	binsB
AW107	bin.49	79.08	1.576	0.568	Bacteria	3310	2854627	binsC
AW107	bin.24	78.91	2.147	0.618	Clostridiales	8505	1515733	binsBC
AW107	bin.57	78.76	2.348	0.553	Clostridiales	14213	1329529	binsBC
AW107	bin.40	78.49	0.699	0.486	Clostridiales	4202	1171143	binsB
AW107	bin.7	78.45	0.797	0.439	Bacteria	4841	2265168	binsC
AW107	bin.23	77.74	1.190	0.487	Bacteroidetes	5036	1406934	binsB
AW107	bin.3	75.86	5.172	0.551	Bacteria	11288	2510082	binsABC
AW107	bin.45	75.26	2.083	0.610	Actinobacteria	4184	1537039	binsB
AW107	bin.30	75.01	2.213	0.527	Clostridiales	3506	1418047	binsABC
AW107	bin.22	74.71	3.370	0.280	Bacteria	3267	1059347	binsAB
AW107	bin.6	74.30	2.095	0.526	Enterobacteriaceae	2259	3159449	binsC
AW107	bin.9	73.27	0.0	0.588	Clostridiales	6838	1603725	binsBC
AW107	bin.10	73.06	0.753	0.577	Clostridiales	3458	1504955	binsC
AW107	bin.2	71.85	3.914	0.625	Clostridiales	5844	1361684	binsBC
AW107	bin.33	71.16	1.111	0.511	Bacteroidetes	4974	2220829	binsB
AW107	bin.36	71.05	6.216	0.668	Bacteria	11163	1779623	binsABC
AW107	bin.14	69.99	2.624	0.462	Prevotella	4605	2094351	binsBC
AW107	bin.11	69.62	0.020	0.544	Clostridiales	2698	1365046	binsC
AW107	bin.67	69.07	1.296	0.446	Bacteroidales	2916	2190786	binsC
AW107	bin.70	66.47	1.512	0.553	Clostridiales	2302	1447934	binsC
AW107	bin.21	66.38	1.689	0.600	Bacteria	11659	2093772	binsBC
AW107	bin.5	66.31	2.796	0.549	Clostridiales	2429	1538957	binsC
AW107	bin.12	65.26	1.754	0.437	Bacteria	3687	1726518	binsC
AW107	bin.68	62.73	2.482	0.445	Clostridiales	2045	1361236	binsC
AW107	bin.54	62.35	9.780	0.596	Bacteria	4462	1584907	binsBC
AW107	bin.73	62.11	0.195	0.429	Clostridiales	1883	1241436	binsC
AW107	bin.27	61.64	2.684	0.605	Clostridiales	3480	1416506	binsBC
AW107	bin.28	61.31	0.0	0.521	Bacteria	2371	1385080	binsC
AW107	bin.39	59.91	0.0	0.543	Bacteria	3140	1006938	binsBC
AW107	bin.17	59.40	0.318	0.490	Bacteria	3008	1733834	binsAC
AW107	bin.55	58.94	1.754	0.509	Bacteria	4163	1467395	binsBC
AW107	bin.60	58.84	0.0	0.412	Spirochaetaceae	2813	1292029	binsB
AW107	bin.75	58.40	1.342	0.594	Clostridiales	2119	1603495	binsC
AW107	bin.65	57.37	0.335	0.387	Clostridiales	1778	901194	binsC
AW107	bin.69	56.66	3.672	0.392	Clostridiales	1801	1347061	binsC
AW107	bin.63	56.18	0.0	0.433	Bacteria	1831	789646	binsC
AW107	bin.53	55.51	5.172	0.365	Bacteria	1783	1121601	binsAC
AW107	bin.46	54.83	2.631	0.601	Bacteria	2667	1708771	binsAC
AW107	bin.72	54.62	1.775	0.423	Clostridiales	1871	1317924	binsC
AW107	bin.71	54.49	1.363	0.560	Clostridiales	1878	1273535	binsC
AW107	bin.15	52.98	8.162	0.615	Bacteria	1592	1634937	binsA
AW107	bin.8	52.89	8.620	0.662	Bacteria	1963	4084897	binsAC
AW107	bin.66	52.54	3.677	0.465	Clostridiales	1941	1444031	binsC
AW107	bin.61	51.11	1.754	0.420	Bacteria	3296	2066415	binsBC
AW107	bin.64	50.31	6.896	0.508	Bacteria	1572	1404874	binsC
AW107	bin.50	50.28	0.0	0.637	Bacteria	6137	1198297	binsABC
AW108	bin.20	99.19	3.341	0.553	Actinobacteria	42498	1832766	binsC
AW108	bin.4	98.90	0.549	0.513	Bacteria	40457	2830070	binsC
AW108	bin.15	98.36	2.208	0.430	Clostridiales	39323	2522785	binsC
AW108	bin.8	97.79	2.581	0.342	Bacteria	7272	1999397	binsAB
AW108	bin.44	97.47	1.814	0.533	Clostridia	11238	2174833	binsA
AW108	bin.34	96.52	3.584	0.545	Clostridiales	14978	2172084	binsC
AW108	bin.24	96.49	1.881	0.414	Bacteria	13060	1883826	binsAC
AW108	bin.37	96.29	2.116	0.450	Clostridiales	7728	2146349	binsC
AW108	bin.45	93.93	2.013	0.495	Clostridiales	61778	1920803	binsABC
AW108	bin.49	92.71	4.267	0.423	Lachnospiraceae	27688	2685259	binsAB
AW108	bin.17	92.53	1.232	0.485	Bacteroidetes	21466	1434680	binsABC
AW108	bin.10	91.21	6.057	0.389	Clostridiales	9116	2508603	binsA
AW108	bin.51	91.05	1.403	0.411	Clostridiales	16760	1734280	binsC
AW108	bin.30	90.76	4.488	0.445	Lachnospiraceae	14949	2667006	binsAB
AW108	bin.43	90.46	2.437	0.475	Bacteria	6044	2245877	binsC
AW108	bin.1	89.48	0.081	0.453	Clostridiales	22402	1612789	binsABC
AW108	bin.12	88.44	2.138	0.485	Bacteroidales	5707	2328458	binsC
AW108	bin.2	88.37	4.235	0.371	Lactobacillales	5956	2311659	binsAC
AW108	bin.39	82.80	4.474	0.428	Clostridiales	5844	1487290	binsBC
AW108	bin.33	82.20	2.684	0.539	Clostridiales	6141	1739905	binsBC
AW108	bin.7	81.07	0.528	0.591	Clostridia	3764	2444988	binsAC
AW108	bin.5	80.69	2.537	0.602	Clostridiales	4896	1496203	binsC
AW108	bin.13	79.44	1.342	0.424	Clostridiales	5121	2268996	binsC
AW108	bin.21	77.91	1.724	0.460	Bacteria	9099	2199969	binsB
AW108	bin.22	76.46	0.985	0.484	Bacteria	2213	1197067	binsC
AW108	bin.48	72.80	8.276	0.445	Bacteroidales	7663	2609431	binsBC
AW108	bin.9	72.75	0.0	0.358	Bacteria	3879	1371208	binsBC
AW108	bin.26	72.18	1.845	0.477	Clostridiales	4976	1526225	binsBC
AW108	bin.41	71.69	0.0	0.471	Bacteria	7514	2118277	binsB
AW108	bin.3	70.0	3.448	0.465	Bacteria	16470	2270470	binsB
AW108	bin.16	69.88	3.677	0.638	Actinobacteria	3313	1340365	binsA
AW108	bin.46	69.59	0.862	0.529	Bacteria	4991	1580949	binsC
AW108	bin.25	69.27	3.356	0.541	Clostridiales	2375	1274349	binsC
AW108	bin.40	68.76	0.705	0.685	Bacteria	3890	2216728	binsAB
AW108	bin.29	67.45	0.0	0.389	Bacteria	3601	1811100	binsAC
AW108	bin.14	66.72	0.0	0.461	Bacteria	4202	1887100	binsC
AW108	bin.35	66.55	2.074	0.414	Clostridiales	2154	1092436	binsC
AW108	bin.6	66.32	0.672	0.499	Clostridia	2483	1465828	binsAC
AW108	bin.55	63.93	1.0	0.595	Actinomycetales	1879	1335169	binsC
AW108	bin.54	60.26	6.896	0.553	Bacteria	4702	1550373	binsC
AW108	bin.23	58.99	1.682	0.495	Bacteroidetes	2351	1246028	binsA
AW108	bin.36	57.89	1.754	0.516	Bacteria	4278	2385820	binsC
AW108	bin.42	57.67	1.754	0.429	Bacteria	6012	1905024	binsBC
AW108	bin.31	55.94	0.0	0.409	Bacteria	11648	2619258	binsAC
AW108	bin.11	55.61	1.754	0.455	Bacteria	4616	2468696	binsA
AW108	bin.47	53.34	2.986	0.485	Clostridiales	1967	873331	binsAC
AW108	bin.32	53.30	0.0	0.495	Bacteria	4185	2170730	binsC
AW108	bin.52	53.12	3.508	0.338	Bacteria	1988	1905152	binsC
AW108	bin.50	53.05	5.959	0.601	Clostridiales	2021	1392156	binsA
AW108	bin.18	52.93	0.0	0.568	Bacteria	4297	1753947	binsAB
AW108	bin.19	52.30	3.052	0.608	Actinobacteria	2878	1097094	binsBC
AW108	bin.27	51.98	2.702	0.608	Bacteria	2358	1722814	binsAC
AW108	bin.53	51.20	0.0	0.448	Bacteria	3619	1594079	binsC
AW108	bin.38	51.19	5.263	0.421	Bacteria	5025	3376412	binsB
AW108	bin.56	51.12	1.724	0.417	Bacteria	4215	1727879	binsC
AW110	bin.27	98.38	1.302	0.601	Clostridia	9522	2421978	binsC
AW110	bin.23	98.10	0.589	0.509	Clostridiales	7432	1668202	binsC
AW110	bin.18	97.27	0.0	0.510	Clostridiales	43952	2237352	binsC
AW110	bin.26	96.69	2.946	0.659	Micrococcaceae	10746	3645756	binsBC
AW110	bin.40	96.10	1.623	0.390	Bacteroidales	24625	2248998	binsBC
AW110	bin.30	96.07	1.901	0.514	Enterobacteriaceae	9139	4215370	binsC
AW110	bin.36	94.61	2.095	0.423	Selenomonadales	10153	1739553	binsB
AW110	bin.17	94.28	4.463	0.377	Lactobacillales	12606	1589622	binsBC
AW110	bin.10	94.22	3.370	0.310	Bacteria	7535	2347925	binsC
AW110	bin.33	92.69	2.747	0.466	Clostridiales	5720	2044959	binsC
AW110	bin.8	92.32	1.483	0.415	Lactobacillales	12082	1651345	binsBC
AW110	bin.20	91.84	1.415	0.344	Bacteria	5522	1645836	binsABC
AW110	bin.52	91.76	0.0	0.387	Clostridiales	6690	1352236	binsC
AW110	bin.29	91.04	2.056	0.449	Clostridiales	17061	1961931	binsABC
AW110	bin.21	90.98	2.819	0.550	Bacteroidales	12070	2406347	binsAC
AW110	bin.24	90.65	1.932	0.480	Clostridiales	3353	1536249	binsC
AW110	bin.31	89.40	3.420	0.436	Bacteroidales	29358	2364739	binsBC
AW110	bin.11	89.01	0.073	0.385	Clostridia	5936	1329346	binsABC
AW110	bin.45	88.91	1.932	0.426	Lachnospiraceae	23038	2322158	binsAB
AW110	bin.39	88.76	0.0	0.300	Bacteria	11628	1340752	binsBC
AW110	bin.12	87.69	0.294	0.366	Gammaproteobacteria	6034	1562615	binsBC
AW110	bin.41	87.50	1.006	0.479	Clostridiales	8295	1678911	binsAC
AW110	bin.48	86.29	5.172	0.576	Clostridiales	18318	1690376	binsBC
AW110	bin.9	86.01	0.403	0.481	Clostridia	3994	1433475	binsC
AW110	bin.7	85.71	1.523	0.359	Bacteria	8698	1686638	binsBC
AW110	bin.37	84.42	3.503	0.413	Clostridiales	11132	2570475	binsBC
AW110	bin.6	83.21	1.459	0.428	Clostridiales	2400	1527815	binsC
AW110	bin.49	83.02	4.045	0.602	Bifidobacteriaceae	6076	1846834	binsB
AW110	bin.51	81.80	2.796	0.352	Clostridiales	2430	1326223	binsC
AW110	bin.50	81.28	3.369	0.481	Bacteria	18434	2163707	binsB
AW110	bin.2	81.20	3.280	0.389	Lactobacillales	5511	1862132	binsBC
AW110	bin.34	80.42	2.348	0.545	Clostridiales	5723	1672874	binsBC
AW110	bin.53	79.07	0.476	0.437	Bacteroidetes	6408	1644253	binsBC
AW110	bin.25	77.72	1.858	0.489	Clostridia	11228	1774764	binsC
AW110	bin.46	77.63	1.858	0.520	Bacteroidales	27594	2177103	binsAC
AW110	bin.44	72.75	1.724	0.451	Bacteria	17196	2476128	binsBC
AW110	bin.22	71.55	0.0	0.503	Bacteria	14673	1590839	binsBC
AW110	bin.47	70.51	1.632	0.376	Clostridiales	2455	1144634	binsC
AW110	bin.57	70.22	3.579	0.514	Clostridiales	3371	1550471	binsC
AW110	bin.3	69.93	2.012	0.436	Lachnospiraceae	5461	1513132	binsAC
AW110	bin.43	69.90	3.379	0.467	Bacteroidales	2837	2157130	binsC
AW110	bin.16	66.53	3.824	0.611	Bacteroidetes	2202	1969869	binsAC
AW110	bin.35	63.45	0.041	0.453	Clostridiales	2333	1546728	binsC
AW110	bin.55	62.12	1.700	0.601	Clostridiales	2426	1752200	binsC
AW110	bin.56	60.67	0.0	0.552	Bacteria	5639	2239530	binsC
AW110	bin.28	60.51	6.896	0.393	Bacteria	4081	2794650	binsBC
AW110	bin.14	60.14	0.0	0.444	Bacteria	5977	1780341	binsBC
AW110	bin.42	58.96	1.724	0.479	Bacteria	8463	2269486	binsBC
AW110	bin.32	56.51	2.876	0.608	Actinobacteria	1912	1018994	binsAC
AW110	bin.54	55.98	4.137	0.401	Clostridiales	2349	1217544	binsC
AW110	bin.15	55.34	0.0	0.459	Bacteria	4659	1607795	binsBC
AW110	bin.38	53.76	3.448	0.386	Bacteria	2993	1281745	binsAB
AW110	bin.19	53.76	0.0	0.499	Bacteria	13246	1706221	binsBC
AW110	bin.4	52.82	2.586	0.445	Bacteria	1992	1141835	binsC
AW110	bin.1	51.05	1.754	0.413	Bacteria	5138	2248859	binsABC
AW110	bin.13	50.17	4.385	0.293	Bacteria	3049	728772	binsAB
UT30	bin.276	100.0	0.0	0.312	Euryarchaeota	73791	1795291	binsBC
UT30	bin.64	99.32	0.671	0.423	Clostridiales	80000	2480002	binsC
UT30	bin.252	99.30	2.797	0.415	Spirochaetaceae	93736	2431572	binsA
UT30	bin.248	99.28	2.794	0.621	Deltaproteobacteria	34306	3584483	binsC
UT30	bin.114	99.19	0.0	0.552	Actinobacteria	150648	1787553	binsAC
UT30	bin.211	98.99	6.061	0.376	Clostridiales	65377	2494131	binsABC
UT30	bin.82	98.38	2.150	0.533	Clostridia	23183	1715085	binsABC
UT30	bin.217	98.22	0.699	0.395	Spirochaetaceae	47709	2320912	binsA
UT30	bin.207	98.09	0.0	0.600	Actinobacteria	87188	1891850	binsBC
UT30	bin.266	98.07	0.671	0.373	Clostridiales	40165	2124147	binsAC
UT30	bin.257	97.98	0.0	0.482	Clostridiales	54997	1888183	binsA
UT30	bin.21	97.84	0.0	0.488	Bacteria	59851	1813274	binsA
UT30	bin.94	97.65	1.118	0.385	Clostridiales	55277	2428310	binsAB
UT30	bin.191	97.65	2.181	0.375	Clostridiales	30033	2208000	binsAC
UT30	bin.293	97.55	0.0	0.344	Spirochaetaceae	108002	2402281	binsA
UT30	bin.70	97.31	2.084	0.488	Clostridiales	58822	2121226	binsA
UT30	bin.209	97.31	0.537	0.415	Bacteria	42348	2140115	binsAC
UT30	bin.176	97.15	4.668	0.445	Firmicutes	7854	1903782	binsC
UT30	bin.25	97.12	2.807	0.588	Clostridiales	20454	2775623	binsB
UT30	bin.290	96.77	0.201	0.550	Clostridia	56874	2350191	binsBC
UT30	bin.131	96.62	5.430	0.536	Bacteria	63668	1645518	binsA
UT30	bin.15	96.34	2.582	0.509	Clostridiales	10544	2316736	binsC
UT30	bin.134	96.17	1.821	0.350	Lactobacillales	66137	2395289	binsB
UT30	bin.100	96.15	0.0	0.431	Lactobacillales	39145	3303763	binsB
UT30	bin.47	96.05	0.0	0.395	Clostridiales	44953	1888541	binsB
UT30	bin.236	95.97	1.037	0.389	Clostridiales	101876	2358862	binsAC
UT30	bin.153	95.97	3.691	0.417	Clostridiales	18549	1717969	binsAC
UT30	bin.83	95.81	2.482	0.459	Clostridiales	40265	1769073	binsBC
UT30	bin.42	95.76	0.384	0.525	Bacteroidales	41840	2359361	binsBC
UT30	bin.250	95.30	1.342	0.392	Clostridiales	80466	2604559	binsAC
UT30	bin.241	95.29	2.016	0.530	Clostridia	33579	2191378	binsA
UT30	bin.195	95.16	2.093	0.424	Lachnospiraceae	116443	2016946	binsAC
UT30	bin.239	95.13	0.167	0.548	Clostridiales	71163	2029112	binsAC
UT30	bin.90	94.96	2.796	0.616	Clostridiales	88529	1862080	binsBC
UT30	bin.60	94.75	2.761	0.584	Clostridia	75316	2511108	binsABC
UT30	bin.260	94.70	0.490	0.389	Gammaproteobacteria	23701	2029521	binsAC
UT30	bin.11	94.56	1.197	0.493	Selenomonadales	26715	1923479	binsBC
UT30	bin.10	94.43	2.013	0.332	Clostridiales	32369	2699402	binsABC
UT30	bin.199	94.40	0.0	0.531	Clostridiales	17850	2329869	binsA
UT30	bin.234	94.37	5.298	0.391	Bacilli	16465	3348462	binsA
UT30	bin.81	94.28	0.317	0.335	Bacteria	35504	1962305	binsBC
UT30	bin.19	94.15	0.0	0.428	Clostridia	97535	1448562	binsBC
UT30	bin.128	94.05	0.0	0.408	Clostridiales	97515	1852741	binsB
UT30	bin.292	93.95	0.806	0.428	Clostridia	84401	1409265	binsAC
UT30	bin.232	93.93	1.342	0.496	Clostridiales	54162	1953381	binsA
UT30	bin.159	93.74	1.140	0.518	Clostridiales	35742	2008327	binsAC
UT30	bin.147	93.72	2.137	0.489	Bacteroidales	56054	3034235	binsBC
UT30	bin.54	93.67	1.795	0.427	Lachnospiraceae	83041	2554844	binsBC
UT30	bin.3	93.51	2.013	0.597	Clostridiales	37131	2070892	binsB
UT30	bin.91	93.45	2.320	0.551	Clostridiales	10899	1999457	binsAC
UT30	bin.219	93.29	4.697	0.388	Clostridiales	51702	3658821	binsBC
UT30	bin.193	93.26	0.0	0.480	Clostridiales	17731	1682385	binsB
UT30	bin.181	93.26	1.602	0.425	Pseudomonadales	14146	2849630	binsAC
UT30	bin.38	93.24	1.689	0.559	Bacteria	124434	2152196	binsABC
UT30	bin.222	93.24	4.189	0.378	Clostridiales	63527	3476253	binsB
UT30	bin.179	93.17	0.671	0.452	Clostridiales	106633	2201346	binsAC
UT30	bin.45	92.98	1.680	0.418	Lachnospiraceae	48434	2833667	binsAB
UT30	bin.175	92.89	1.845	0.367	Clostridiales	21207	1597602	binsC
UT30	bin.52	92.69	1.067	0.553	Prevotella	47869	2108657	binsAC
UT30	bin.142	92.65	0.699	0.384	Spirochaetaceae	72455	2089294	binsA
UT30	bin.282	92.62	4.614	0.454	Lachnospiraceae	53942	2411495	binsAC
UT30	bin.110	92.61	0.671	0.411	Clostridiales	63253	2370732	binsAC
UT30	bin.96	92.50	0.0	0.380	Lactobacillales	216287	2401673	binsB
UT30	bin.136	92.43	3.128	0.490	Bacteria	60354	2334479	binsAC
UT30	bin.78	92.25	7.174	0.363	Bacilli	10301	4490017	binsB
UT30	bin.177	92.14	0.0	0.556	Bacteroidetes	65775	1862738	binsBC
UT30	bin.118	92.13	2.247	0.310	Bacteria	55829	1278758	binsBC
UT30	bin.44	92.08	5.363	0.514	Lachnospiraceae	36692	2580804	binsBC
UT30	bin.194	92.06	0.743	0.543	Bacteroidales	54553	2583488	binsBC
UT30	bin.39	92.02	3.020	0.478	Clostridiales	15414	1695140	binsB
UT30	bin.112	91.99	8.037	0.489	Bacteroidales	11265	3118471	binsC
UT30	bin.201	91.96	1.126	0.436	Clostridiales	15754	2338603	binsC
UT30	bin.53	91.94	0.559	0.442	Clostridiales	29648	1831617	binsAB
UT30	bin.2	91.94	0.0	0.446	Clostridiales	49789	2148600	binsBC
UT30	bin.200	91.89	0.879	0.663	Bacteria	25004	3484757	binsC
UT30	bin.284	91.88	3.844	0.429	Lachnospiraceae	14459	2136278	binsAB
UT30	bin.168	91.82	0.832	0.452	Clostridia	22612	2274585	binsC
UT30	bin.88	91.73	2.745	0.447	Clostridiales	20900	2021936	binsBC
UT30	bin.262	91.70	0.699	0.475	Clostridiales	64718	1559774	binsA
UT30	bin.75	91.64	6.518	0.630	Clostridia	16753	2924906	binsBC
UT30	bin.85	91.62	0.185	0.457	Bacteroidales	41516	2527483	binsA
UT30	bin.126	91.61	4.430	0.504	Clostridiales	16901	2481892	binsBC
UT30	bin.240	91.53	1.342	0.570	Clostridiales	13653	2245313	binsB
UT30	bin.225	91.53	2.074	0.471	Clostridiales	21203	2060303	binsBC
UT30	bin.167	91.53	0.699	0.418	Spirochaetaceae	71036	2050427	binsABC
UT30	bin.133	91.43	0.188	0.409	Bacteroidales	52604	1934309	binsAC
UT30	bin.61	91.42	2.698	0.357	Bacteria	26885	1936322	binsB
UT30	bin.270	91.42	3.095	0.331	Bacteria	13615	1451443	binsAC
UT30	bin.164	91.29	0.0	0.267	Bacteria	27308	1188104	binsA
UT30	bin.89	91.23	2.348	0.428	Clostridiales	16232	1554878	binsB
UT30	bin.187	91.11	1.565	0.424	Clostridiales	15652	1450681	binsB
UT30	bin.180	91.11	3.642	0.484	Selenomonadales	12517	1666496	binsAB
UT30	bin.74	91.06	3.579	0.477	Clostridiales	13417	1959780	binsBC
UT30	bin.5	90.99	0.0	0.299	Bacteria	40246	2133264	binsABC
UT30	bin.125	90.96	0.0	0.485	Clostridia	39108	1832313	binsB
UT30	bin.283	90.93	0.776	0.372	Clostridiales	117691	1396623	binsAB
UT30	bin.160	90.93	0.0	0.465	Clostridiales	64805	1591280	binsA
UT30	bin.188	90.51	2.790	0.537	Bacteria	76669	4116114	binsBC
UT30	bin.246	90.32	1.148	0.597	Clostridia	26142	2533142	binsABC
UT30	bin.49	90.17	0.223	0.464	Clostridiales	36343	1950227	binsB
UT30	bin.152	90.05	2.702	0.462	Bacteria	30487	2388930	binsABC
UT30	bin.208	90.0	1.123	0.286	Bacteria	41758	1403127	binsB
UT30	bin.157	89.66	3.355	0.447	Clostridiales	19933	2394166	binsABC
UT30	bin.139	89.45	0.0	0.471	Clostridiales	101579	2249541	binsAC
UT30	bin.155	89.44	0.0	0.483	Bacteroidetes	91865	1452658	binsBC
UT30	bin.202	89.32	2.247	0.257	Bacteria	57387	1147201	binsB
UT30	bin.224	89.09	6.118	0.451	Clostridiales	15619	2442451	binsB
UT30	bin.1	89.02	4.070	0.363	Clostridiales	15808	2606820	binsBC
UT30	bin.172	88.96	0.094	0.310	Bacteria	30078	1786159	binsAC
UT30	bin.32	88.90	0.949	0.502	Clostridiales	15235	2446003	binsAB
UT30	bin.73	88.89	0.125	0.483	Bacteroidales	27232	2404611	binsB
UT30	bin.28	88.88	1.994	0.306	Bacteria	63946	1881529	binsA
UT30	bin.192	88.65	1.190	0.500	Bacteroidetes	57031	2595840	binsBC
UT30	bin.123	88.57	1.123	0.494	Bacteria	13690	1457907	binsA
UT30	bin.251	88.44	0.806	0.446	Clostridia	40099	2173371	binsBC
UT30	bin.140	88.41	3.523	0.485	Clostridiales	12122	2171829	binsB
UT30	bin.67	88.31	1.265	0.485	Clostridiales	55079	2752581	binsBC
UT30	bin.274	88.29	1.004	0.433	Clostridiales	24298	1963819	binsAC
UT30	bin.258	88.24	2.237	0.342	Clostridiales	17253	1485206	binsB
UT30	bin.178	88.23	0.671	0.482	Clostridiales	59427	2148726	binsBC
UT30	bin.98	88.08	2.296	0.303	Bacteria	15989	807383	binsBC
UT30	bin.16	88.06	3.310	0.553	Clostridiales	7003	2199603	binsC
UT30	bin.144	87.97	1.002	0.440	Clostridiales	33723	2313732	binsBC
UT30	bin.55	87.92	3.401	0.564	Clostridiales	76275	2302648	binsABC
UT30	bin.141	87.80	0.0	0.453	Clostridiales	89942	1423904	binsBC
UT30	bin.13	87.69	0.238	0.485	Bacteroidetes	51528	1761161	binsAC
UT30	bin.148	87.65	2.204	0.609	Clostridia	18243	2747823	binsBC
UT30	bin.132	87.53	2.684	0.617	Clostridiales	18075	1651512	binsBC
UT30	bin.18	87.48	0.671	0.531	Clostridiales	95369	1918431	binsBC
UT30	bin.68	87.36	0.805	0.508	Clostridiales	31208	1724383	binsBC
UT30	bin.145	87.30	0.384	0.425	Bacteroidales	33766	2820732	binsAC
UT30	bin.95	87.25	0.555	0.450	Bacteroidales	38651	2484803	binsB
UT30	bin.120	87.25	1.881	0.566	Clostridia	8086	2969644	binsC
UT30	bin.287	87.20	1.677	0.559	Clostridiales	15862	1929130	binsBC
UT30	bin.43	87.09	1.075	0.590	Clostridia	45727	2201268	binsABC
UT30	bin.124	86.94	1.631	0.590	Clostridiales	36190	2230960	binsABC
UT30	bin.121	86.92	2.684	0.436	Clostridiales	13045	2600554	binsC
UT30	bin.196	86.91	0.671	0.539	Clostridiales	71289	1997251	binsAC
UT30	bin.227	86.81	0.0	0.458	Bacteria	175620	919019	binsA
UT30	bin.107	86.72	3.083	0.441	Clostridiales	18033	1625121	binsB
UT30	bin.215	86.70	2.531	0.469	Clostridiales	16832	2377383	binsBC
UT30	bin.279	86.58	1.948	0.442	Clostridia	13756	1576734	binsB
UT30	bin.99	86.51	0.048	0.267	Bacteria	27548	1183963	binsB
UT30	bin.158	86.37	0.123	0.512	Bacteroidales	12337	2570301	binsAC
UT30	bin.233	86.36	0.503	0.508	Clostridiales	8691	1946517	binsBC
UT30	bin.76	86.13	6.827	0.279	Spirochaetia	4983	2369282	binsBC
UT30	bin.173	86.01	0.883	0.439	Bacilli	21665	2270203	binsAB
UT30	bin.169	86.01	0.894	0.525	Clostridiales	108443	2177692	binsB
UT30	bin.24	85.70	4.535	0.595	Clostridiales	24855	2103707	binsBC
UT30	bin.129	85.63	0.952	0.486	Bacteroidetes	38695	2059157	binsABC
UT30	bin.267	85.49	3.876	0.437	Clostridiales	15436	2707460	binsBC
UT30	bin.103	85.45	0.0	0.458	Clostridiales	61848	1722753	binsA
UT30	bin.143	85.31	0.0	0.536	Clostridiales	26157	1707262	binsABC
UT30	bin.242	85.28	1.174	0.518	Clostridiales	6471	1690882	binsC
UT30	bin.277	85.23	1.082	0.548	Clostridiales	48863	1476089	binsABC
UT30	bin.170	85.23	0.671	0.390	Clostridiales	34989	2130307	binsABC
UT30	bin.161	85.0	0.476	0.467	Bacteroidetes	16217	1925297	binsB
UT30	bin.22	84.85	3.752	0.576	Clostridiales	9670	2032151	binsB
UT30	bin.185	84.79	1.006	0.541	Clostridiales	38470	1684653	binsBC
UT30	bin.56	84.78	3.539	0.437	Clostridiales	85801	1577789	binsAC
UT30	bin.278	84.76	1.008	0.437	Clostridia	5922	1400518	binsAC
UT30	bin.35	84.56	2.679	0.431	Bacteroidales	4595	2234977	binsC
UT30	bin.115	84.50	4.110	0.422	Prevotella	17466	2382260	binsBC
UT30	bin.30	84.36	2.684	0.384	Clostridiales	4669	1455858	binsC
UT30	bin.238	84.21	0.0	0.341	Bacteria	24442	1914056	binsAC
UT30	bin.213	83.48	1.473	0.589	Clostridiales	25116	1520427	binsBC
UT30	bin.71	83.45	7.241	0.441	Lachnospiraceae	21875	2047859	binsB
UT30	bin.122	83.42	1.403	0.448	Clostridiales	27952	1732012	binsBC
UT30	bin.31	83.00	0.838	0.493	Clostridiales	7967	1459594	binsAB
UT30	bin.182	82.99	0.793	0.383	Bacteria	21263	1683892	binsAB
UT30	bin.231	82.49	1.420	0.446	Clostridiales	3619	1578546	binsC
UT30	bin.275	82.44	3.970	0.376	Clostridiales	8642	1905369	binsAB
UT30	bin.92	82.43	0.476	0.482	Bacteroidetes	34004	1765093	binsABC
UT30	bin.80	82.41	0.223	0.564	Clostridiales	8613	1886527	binsBC
UT30	bin.253	82.14	3.975	0.671	Micrococcaceae	9925	3248915	binsAB
UT30	bin.40	81.84	3.191	0.475	Clostridiales	5123	1269028	binsC
UT30	bin.58	81.83	0.805	0.501	Clostridiales	36501	1662295	binsB
UT30	bin.280	81.46	3.932	0.278	Bacteria	21444	972913	binsB
UT30	bin.23	81.45	5.580	0.374	Lactobacillales	6887	2186479	binsB
UT30	bin.113	81.15	0.362	0.409	Lachnospiraceae	110356	1601678	binsABC
UT30	bin.221	81.03	1.724	0.460	Bacteria	48162	2499433	binsBC
UT30	bin.254	80.93	1.013	0.543	Prevotella	29031	2388842	binsAC
UT30	bin.84	80.78	0.0	0.333	Bacteria	52891	881310	binsABC
UT30	bin.108	80.48	0.403	0.310	Clostridia	67513	1134586	binsA
UT30	bin.29	80.46	0.671	0.351	Clostridiales	9693	1767486	binsB
UT30	bin.62	80.20	1.049	0.451	Bacteroidales	27229	2057021	binsBC
UT30	bin.51	79.21	0.561	0.257	Bacteria	45773	991927	binsBC
UT30	bin.14	79.21	5.536	0.361	Clostridiales	35381	2197413	binsBC
UT30	bin.6	78.24	3.333	0.283	Bacteria	17487	1185646	binsB
UT30	bin.59	78.00	1.901	0.551	Clostridiales	12117	1397426	binsBC
UT30	bin.223	77.82	2.485	0.415	Lachnospiraceae	24402	1770857	binsB
UT30	bin.34	77.50	2.684	0.585	Clostridiales	44671	1763692	binsABC
UT30	bin.63	77.41	0.160	0.247	Bacteria	14282	931411	binsB
UT30	bin.294	77.36	2.180	0.481	Bacteroidales	4903	2630813	binsC
UT30	bin.7	77.26	0.952	0.524	Bacteroidetes	24160	1997667	binsAB
UT30	bin.268	76.74	2.419	0.590	Euryarchaeota	34298	1530662	binsABC
UT30	bin.79	76.63	0.714	0.543	Bacteroidetes	23012	1540106	binsAC
UT30	bin.212	76.58	3.240	0.481	Bacteroidales	23844	1883600	binsAC
UT30	bin.146	76.31	0.0	0.403	Lachnospiraceae	46735	2112322	binsB
UT30	bin.162	76.24	2.460	0.520	Clostridiales	8317	1403452	binsBC
UT30	bin.17	76.00	1.498	0.262	Bacteria	22740	1054924	binsB
UT30	bin.165	75.86	0.862	0.473	Bacteria	28073	2537585	binsB
UT30	bin.77	75.83	5.536	0.568	Clostridiales	21350	2216656	binsABC
UT30	bin.20	75.52	0.155	0.530	Clostridiales	7994	1589760	binsBC
UT30	bin.41	75.38	1.230	0.501	Clostridiales	7869	1242357	binsBC
UT30	bin.26	75.28	1.123	0.246	Bacteria	43275	1008544	binsB
UT30	bin.197	74.88	0.392	0.509	Bacteroidales	19664	1918489	binsB
UT30	bin.8	74.58	0.0	0.415	Clostridiales	149751	1336228	binsABC
UT30	bin.12	73.96	6.876	0.555	Clostridiales	18282	2247161	binsAB
UT30	bin.109	73.66	1.123	0.351	Bacteria	9224	1561971	binsBC
UT30	bin.229	73.47	4.362	0.584	Clostridiales	10263	1890905	binsAB
UT30	bin.216	73.46	1.612	0.545	Clostridia	12711	1798548	binsB
UT30	bin.265	73.38	4.559	0.338	Bacteria	11350	1667696	binsA
UT30	bin.244	73.01	2.081	0.449	Lachnospiraceae	10501	1922415	binsBC
UT30	bin.87	72.96	3.379	0.607	Clostridiales	12171	1708680	binsBC
UT30	bin.72	72.89	4.028	0.434	Bacilli	11345	3495171	binsBC
UT30	bin.138	72.47	5.617	0.255	Bacteria	37448	819812	binsB
UT30	bin.249	72.39	4.588	0.417	Clostridiales	6882	1831225	binsB
UT30	bin.190	72.35	2.796	0.293	Clostridiales	49210	1114503	binsABC
UT30	bin.102	72.04	0.0	0.347	Clostridia	26745	926252	binsB
UT30	bin.33	72.0	0.0	0.272	Bacteria	53640	1307286	binsABC
UT30	bin.46	71.92	4.385	0.464	Bacteria	6928	1812732	binsB
UT30	bin.247	71.32	2.074	0.458	Clostridiales	3635	1500367	binsC
UT30	bin.174	71.07	0.699	0.311	Clostridiales	26603	1179727	binsBC
UT30	bin.210	70.91	3.508	0.468	Bacteria	27674	2344607	binsBC
UT30	bin.189	70.17	4.474	0.524	Clostridiales	62480	1337808	binsBC
UT30	bin.206	69.81	1.342	0.587	Clostridiales	5297	1608370	binsBC
UT30	bin.269	69.43	1.172	0.320	Bacteria	9160	741078	binsB
UT30	bin.9	69.35	1.610	0.456	Bacilli	8470	2639683	binsA
UT30	bin.281	69.31	0.671	0.619	Clostridiales	20320	1409056	binsABC
UT30	bin.296	68.85	2.631	0.404	Gammaproteobacteria	2615	1685313	binsC
UT30	bin.111	68.79	0.0	0.581	Clostridia	55549	1487602	binsB
UT30	bin.50	68.60	7.183	0.573	Bacteria	13244	1739137	binsBC
UT30	bin.285	68.49	4.113	0.447	Clostridiales	23717	1470416	binsB
UT30	bin.106	68.43	0.391	0.598	Clostridiales	4823	1363523	binsC
UT30	bin.135	67.74	0.806	0.563	Clostridia	3012	2055916	binsC
UT30	bin.291	67.49	1.461	0.412	Lachnospiraceae	7752	1696272	binsB
UT30	bin.149	67.49	0.561	0.286	Bacteria	10788	1008041	binsAB
UT30	bin.154	67.47	1.638	0.358	Clostridia	90297	810183	binsA
UT30	bin.127	66.80	2.447	0.315	Clostridiales	4738	1299233	binsC
UT30	bin.166	66.39	0.671	0.375	Clostridiales	15922	937154	binsC
UT30	bin.27	66.31	0.0	0.276	Bacteria	46223	1118293	binsABC
UT30	bin.151	66.09	2.157	0.450	Prevotella	13182	1957702	binsB
UT30	bin.37	65.91	1.754	0.450	Bacteria	4788	1949063	binsAC
UT30	bin.116	65.79	6.886	0.391	Selenomonadales	4325	1299675	binsBC
UT30	bin.183	65.60	0.335	0.576	Clostridiales	8890	1316281	binsBC
UT30	bin.93	65.58	2.331	0.262	Clostridiales	25860	1422638	binsBC
UT30	bin.150	64.84	4.639	0.409	Bacillaceae	10800	2413700	binsABC
UT30	bin.271	64.81	0.0	0.564	Bacteria	5704	1600558	binsBC
UT30	bin.230	64.68	0.0	0.469	Bacteroidales	36696	1505475	binsBC
UT30	bin.57	64.60	0.335	0.352	Clostridiales	12629	904430	binsAB
UT30	bin.299	64.06	3.568	0.430	Clostridiales	3860	1711712	binsC
UT30	bin.171	63.79	2.586	0.561	Bacteria	10066	1900655	binsABC
UT30	bin.220	63.75	8.035	0.582	Bacteria	13129	2246704	binsAC
UT30	bin.36	63.50	0.0	0.454	Bacteria	11083	2230434	binsB
UT30	bin.205	63.49	3.260	0.481	Lachnospiraceae	6596	1669534	binsAB
UT30	bin.65	63.24	8.612	0.266	Clostridiales	12052	1341863	binsBC
UT30	bin.228	63.10	1.724	0.492	Bacteria	15694	1624512	binsABC
UT30	bin.214	62.95	9.356	0.375	Bacteria	13166	2458604	binsB
UT30	bin.263	62.79	0.0	0.324	Clostridiales	59539	894110	binsABC
UT30	bin.104	62.5	1.612	0.452	Clostridia	57639	1569429	binsA
UT30	bin.298	60.18	3.330	0.434	Bacteroidales	2547	1912856	binsC
UT30	bin.117	60.07	0.371	0.461	Bacteroidales	82669	1619877	binsAC
UT30	bin.273	60.05	3.691	0.580	Clostridiales	11790	1462381	binsB
UT30	bin.255	59.95	0.0	0.441	Bacteria	30734	2314957	binsB
UT30	bin.259	59.82	3.448	0.457	Bacteria	13348	3049153	binsB
UT30	bin.256	58.07	0.0	0.323	Bacteria	13650	747538	binsBC
UT30	bin.198	57.74	8.620	0.560	Bacteria	12398	2329298	binsBC
UT30	bin.4	57.64	4.373	0.583	Clostridiales	18108	2031095	binsBC
UT30	bin.301	57.60	3.573	0.526	Clostridiales	2857	2067217	binsC
UT30	bin.97	57.24	0.0	0.384	Bacteria	5330	1262333	binsBC
UT30	bin.184	56.88	1.228	0.454	Bacteria	4398	1124999	binsB
UT30	bin.272	56.61	0.0	0.413	Bacteria	2489	1599211	binsA
UT30	bin.300	56.52	3.755	0.444	Clostridiales	2788	1117734	binsC
UT30	bin.261	56.15	0.0	0.415	Clostridiales	103293	1804229	binsBC
UT30	bin.226	56.14	1.754	0.245	Bacteria	18713	1441869	binsA
UT30	bin.245	56.12	2.013	0.594	Clostridiales	7116	1018304	binsAB
UT30	bin.218	55.71	0.671	0.587	Clostridiales	10190	1317540	binsBC
UT30	bin.66	55.17	0.0	0.390	Bacteria	5130	1865538	binsAB
UT30	bin.243	55.13	3.684	0.432	Bacteria	23752	1525826	binsB
UT30	bin.295	54.79	0.997	0.412	Clostridiales	2280	963699	binsC
UT30	bin.163	54.59	1.724	0.586	Bacteria	3926	1368967	binsB
UT30	bin.297	54.56	2.852	0.334	Clostridiales	2200	1062334	binsC
UT30	bin.289	54.38	0.0	0.508	Bacteria	13483	2116835	binsB
UT30	bin.119	54.38	0.0	0.255	Bacteria	34325	712388	binsAB
UT30	bin.137	54.26	1.754	0.597	Bacteria	7680	1883364	binsBC
UT30	bin.86	54.17	9.649	0.425	Bacteria	3120	2428249	binsA
UT30	bin.156	53.97	0.0	0.476	Clostridiales	2232	969667	binsAC
UT30	bin.286	53.44	0.0	0.497	Bacteria	2073	1223680	binsAC
UT30	bin.288	52.75	6.896	0.605	Bacteria	10536	1408585	binsABC
UT30	bin.105	52.43	0.671	0.593	Clostridiales	46989	1823230	binsABC
UT30	bin.264	51.48	1.785	0.599	Bacteria	6871	1540879	binsBC
UT30	bin.48	50.87	1.754	0.362	Bacteria	8597	1666543	binsBC
UT30	bin.204	50.86	1.115	0.394	Pasteurellaceae	2739	871243	binsB
UT30	bin.203	50.86	0.0	0.623	Bacteria	9301	1324846	binsAB
UT43	bin.24	96.96	1.565	0.530	Clostridiales	24335	2261959	binsC
UT43	bin.7	96.75	2.411	0.452	Clostridiales	10739	2301608	binsC
UT43	bin.21	96.59	1.661	0.414	Bacteria	14959	1966809	binsC
UT43	bin.53	96.00	2.185	0.477	Bacteroidales	43596	3939379	binsC
UT43	bin.32	95.20	0.612	0.489	Clostridiales	9863	1903944	binsC
UT43	bin.43	95.01	2.715	0.535	Clostridia	6714	1640990	binsAC
UT43	bin.29	94.89	1.612	0.465	Bacteria	64079	2332435	binsABC
UT43	bin.8	94.68	1.418	0.455	Clostridiales	40475	2108981	binsC
UT43	bin.19	94.47	0.223	0.372	Clostridiales	17559	1921042	binsC
UT43	bin.17	94.35	0.806	0.425	Clostridia	74343	1560842	binsA
UT43	bin.58	93.94	3.007	0.503	Bacteroidales	43979	2760603	binsC
UT43	bin.30	93.71	0.453	0.333	Bacteria	21391	2263559	binsAC
UT43	bin.9	93.22	1.048	0.393	Spirochaetaceae	10737	2123434	binsBC
UT43	bin.22	92.98	2.4	0.311	Euryarchaeota	12864	1619771	binsC
UT43	bin.39	91.72	4.280	0.477	Lactobacillales	12101	1934205	binsABC
UT43	bin.36	91.71	1.398	0.422	Clostridiales	9553	2347377	binsC
UT43	bin.28	91.11	1.698	0.481	Clostridiales	6671	2385714	binsC
UT43	bin.40	90.94	1.428	0.356	Bacteria	26596	1780175	binsABC
UT43	bin.26	90.74	1.565	0.441	Clostridiales	12706	2336688	binsAC
UT43	bin.50	90.35	1.884	0.549	Clostridiales	27721	1725286	binsAC
UT43	bin.18	90.28	1.123	0.450	Bacteria	7032	1578422	binsC
UT43	bin.13	90.20	1.042	0.456	Bacteria	9070	1863507	binsC
UT43	bin.46	89.51	1.190	0.483	Bacteroidetes	13828	1727135	binsC
UT43	bin.59	89.35	1.222	0.372	Bacilli	8668	2751041	binsBC
UT43	bin.14	89.33	0.492	0.558	Bacteroidetes	30506	1827615	binsBC
UT43	bin.35	89.25	2.839	0.417	Spirochaetaceae	5236	2137233	binsC
UT43	bin.62	88.96	2.412	0.518	Bacteroidetes	21367	2954822	binsABC
UT43	bin.55	88.84	3.965	0.466	Bacteroidales	13028	4587821	binsC
UT43	bin.57	88.80	4.926	0.448	Clostridiales	11647	2098305	binsC
UT43	bin.60	88.66	3.859	0.494	Clostridiales	11534	1752256	binsBC
UT43	bin.25	88.20	3.164	0.460	Lachnospiraceae	26156	2473050	binsABC
UT43	bin.23	87.64	3.804	0.263	Bacteria	34349	1082628	binsAB
UT43	bin.33	87.52	1.123	0.325	Bacteria	59598	986173	binsABC
UT43	bin.37	87.51	3.449	0.644	Gammaproteobacteria	3190	3712517	binsC
UT43	bin.47	86.45	0.0	0.348	Bacteria	12534	961649	binsABC
UT43	bin.52	85.96	1.740	0.480	Bacteroidales	6527	2438356	binsC
UT43	bin.10	84.18	2.684	0.450	Clostridiales	32259	2088299	binsABC
UT43	bin.20	82.66	4.0	0.243	Bacteria	19149	1165196	binsAB
UT43	bin.65	82.00	1.197	0.385	Spirochaetaceae	4517	2000668	binsC
UT43	bin.6	81.39	2.852	0.537	Clostridiales	6106	1750877	binsC
UT43	bin.63	81.11	3.702	0.336	Clostridia	20538	1119726	binsC
UT43	bin.31	80.33	3.192	0.658	Micrococcaceae	10620	2867654	binsA
UT43	bin.3	80.06	2.0	0.293	Bacteria	20316	1199610	binsBC
UT43	bin.12	79.31	0.354	0.461	Clostridiales	11744	1519009	binsAB
UT43	bin.51	78.47	0.862	0.465	Bacteria	11178	1794093	binsBC
UT43	bin.56	77.36	0.671	0.591	Clostridiales	13803	2327088	binsB
UT43	bin.34	74.26	1.418	0.478	Clostridiales	4192	1423035	binsC
UT43	bin.45	71.98	7.451	0.280	Clostridiales	28854	1368212	binsB
UT43	bin.38	71.22	0.0	0.326	Bacteria	12827	2667442	binsC
UT43	bin.41	67.23	0.809	0.381	Lactobacillales	13391	1191540	binsAC
UT43	bin.64	66.92	1.333	0.307	Bacteria	16647	1046325	binsC
UT43	bin.11	66.26	8.771	0.466	Bacteria	5771	2119215	binsAC
UT43	bin.48	62.93	5.422	0.440	Bacteria	2520	2538631	binsA
UT43	bin.67	62.78	5.803	0.411	Clostridiales	2029	1382599	binsC
UT43	bin.54	61.72	2.631	0.245	Bacteria	21981	593503	binsAB
UT43	bin.42	60.90	4.385	0.425	Bacteria	6986	2351687	binsBC
UT43	bin.1	59.63	9.408	0.267	Clostridiales	10379	1053882	binsAB
UT43	bin.5	58.62	0.0	0.450	Bacteria	10470	2516795	binsAB
UT43	bin.27	57.65	0.561	0.352	Bacteria	2364	775352	binsC
UT43	bin.44	56.89	2.481	0.526	Enterobacteriaceae	1804	2287879	binsAC
UT43	bin.66	55.95	0.0	0.472	Bacteria	2026	1319659	binsC
UT43	bin.49	55.05	3.508	0.445	Bacteria	6085	1736073	binsBC
UT43	bin.16	54.04	0.0	0.370	Bacteria	10629	1264939	binsAB
UT43	bin.4	52.64	3.448	0.665	Bacteria	2055	4046912	binsA
UT43	bin.15	52.05	3.651	0.252	Bacteria	9126	716853	binsB
UT43	bin.61	50.72	0.0	0.429	Bacteria	9887	1446162	binsABC
